voucher_number,station_number,phylum,field_identification,morphospecies_match,is_plankton,has_photo,has_voucher,notes,preservative
FLPK-0001,FLPK-ST-001,Arthropoda,Zoea,,1,0,0,,95% EtOH
FLPK-0002,FLPK-ST-001,Mollusca,Velliger,,1,0,0,,95% EtOH
FLPK-0003,FLPK-ST-001,Annelida,Polychaeta,,1,0,0,,95% EtOH
FLPK-0004,FLPK-ST-001,Arthropoda,Zoea,,1,0,0,,95% EtOH
FLPK-0005,FLPK-ST-001,Arthropoda,Arthropoda,,1,0,0,,95% EtOH
FLPK-0006,FLPK-ST-001,Arthropoda,Nauplius,,1,0,0,,95% EtOH
FLPK-0007,FLPK-ST-001,Annelida,Worm,,1,0,0,,95% EtOH
FLPK-0008,FLPK-ST-001,Cnidaria,Hydrozoan,,1,0,0,,95% EtOH
FLPK-0009,FLPK-ST-001,Chordata,Fish,,1,0,0,,95% EtOH
FLPK-0010,FLPK-ST-001,Arthropoda,Copepoda,,1,0,0,,95% EtOH
FLPK-0011,FLPK-ST-001,Annelida,Polychaeta,,1,0,0,,95% EtOH
FLPK-0012,FLPK-ST-001,Mollusca,Bivalvia,,1,0,0,,95% EtOH
FLPK-0013,FLPK-ST-001,Annelida,Polychaeta,,1,0,0,,95% EtOH
FLPK-0014,FLPK-ST-001,Cnidaria,Hydromedusa,,1,0,0,,95% EtOH
FLPK-0015,FLPK-ST-001,Mollusca,Bivalvia,,1,0,0,,95% EtOH
FLPK-0016,FLPK-ST-001,Annelida,Polychaeta,,1,0,0,,95% EtOH
FLPK-0017,FLPK-ST-001,Mollusca,Velliger,,1,0,0,,95% EtOH
FLPK-0018,FLPK-ST-001,Chordata,Tunicata,,1,0,0,,95% EtOH
FLPK-0019,FLPK-ST-001,Cnidaria,Cnidaria,,1,0,0,,95% EtOH
FLPK-0020,FLPK-ST-001,Mollusca,Bivalvia,,1,0,0,,95% EtOH
FLPK-0021,FLPK-ST-001,Chordata,Fish,,1,0,0,,95% EtOH
FLPK-0022,FLPK-ST-001,Cnidaria,Cnidaria,,1,0,0,,95% EtOH
FLPK-0023,FLPK-ST-001,Annelida,Worm,,1,1,0,,95% EtOH
FLPK-0024,FLPK-ST-001,Phoronida,Phoronida,,1,1,0,,95% EtOH
FLPK-0025,FLPK-ST-001,Chordata,Symplegma,,1,1,0,,95% EtOH
FLPK-0026,FLPK-ST-002,Annelida,Polychaeta,,1,0,0,,95% EtOH
FLPK-0027,FLPK-ST-002,Echinodermata,Echinodermata,,1,0,0,,95% EtOH
FLPK-0028,FLPK-ST-002,Echinodermata,Echinodermata,,1,0,0,,95% EtOH
FLPK-0029,FLPK-ST-002,Cnidaria,Hydromedusa,,1,0,0,,95% EtOH
FLPK-0030,FLPK-ST-002,Annelida,Polychaeta,,1,0,0,,95% EtOH
FLPK-0031,FLPK-ST-002,Cnidaria,Hydromedusa,,1,0,0,,95% EtOH
FLPK-0032,FLPK-ST-002,Echinodermata,Echinodermata,,1,0,0,,95% EtOH
FLPK-0033,FLPK-ST-002,Mollusca,Gastropoda,,1,0,0,,95% EtOH
FLPK-0034,FLPK-ST-002,Annelida,Polychaeta,,1,0,0,,95% EtOH
FLPK-0035,FLPK-ST-002,Echinodermata,Echinodermata,,1,0,0,,95% EtOH
FLPK-0036,FLPK-ST-002,Chordata,Fish,,1,0,0,,95% EtOH
FLPK-0037,FLPK-ST-002,Annelida,Polychaeta,,1,0,0,,95% EtOH
FLPK-0038,FLPK-ST-002,Echinodermata,Echinodermata,,1,0,0,,95% EtOH
FLPK-0039,FLPK-ST-002,Echinodermata,Echinodermata,,1,0,0,,95% EtOH
FLPK-0040,FLPK-ST-002,Annelida,Polychaeta,,1,0,0,,95% EtOH
FLPK-0041,FLPK-ST-002,Cnidaria,Cnidaria,,1,0,0,,95% EtOH
FLPK-0042,FLPK-ST-002,Echinodermata,Echinodermata,,1,0,0,,95% EtOH
FLPK-0043,FLPK-ST-002,Annelida,Polychaeta,,1,0,0,,95% EtOH
FLPK-0044,FLPK-ST-002,Annelida,Owenia,,1,0,0,,95% EtOH
FLPK-0045,FLPK-ST-002,Annelida,Owenia,FLPK-0044,1,0,0,,95% EtOH
FLPK-0046,FLPK-ST-002,Echinodermata,Asteroidea,,1,0,0,,95% EtOH
FLPK-0047,FLPK-ST-002,Echinodermata,Echinodermata,,1,1,0,,95% EtOH
FLPK-0048,FLPK-ST-002,Annelida,Polychaeta,,1,1,0,,95% EtOH
FLPK-0049,FLPK-ST-002,Annelida,Polychaeta,,1,1,0,,95% EtOH
FLPK-0050,FLPK-ST-002,Annelida,Polychaeta,,1,1,0,,95% EtOH
FLPK-0051,FLPK-ST-002,Echinodermata,Echinodermata,,1,1,0,,95% EtOH
FLPK-0052,FLPK-ST-003,Platyhelminthes,Digenea,,1,1,0,,95% EtOH
FLPK-0053,FLPK-ST-002,Echinodermata,Echinodermata,,1,1,0,,95% EtOH
FLPK-0054,FLPK-ST-002,Annelida,Owenia,,1,1,0,,95% EtOH
FLPK-0055,FLPK-ST-002,Annelida,Polychaeta,,1,1,0,,95% EtOH
FLPK-0056,FLPK-ST-002,Annelida,Polychaeta,,1,1,0,,95% EtOH
FLPK-0057,FLPK-ST-002,Echinodermata,Asteroidea,,1,1,0,,95% EtOH
FLPK-0058,FLPK-ST-002,Nemertea,Nemertea,,1,1,0,,95% EtOH
FLPK-0059,FLPK-ST-002,Echinodermata,Echinodermata,,1,1,0,,95% EtOH
FLPK-0060,FLPK-ST-002,Echinodermata,Echinodermata,,1,1,0,,95% EtOH
FLPK-0061,FLPK-ST-002,Annelida,Polychaeta,,1,1,0,,95% EtOH
FLPK-0062,FLPK-ST-002,Mollusca,Gastropoda,,1,1,0,,95% EtOH
FLPK-0063,FLPK-ST-002,Annelida,Polychaeta,,1,1,0,,95% EtOH
FLPK-0064,FLPK-ST-002,Annelida,Polychaeta,,1,1,0,,95% EtOH
FLPK-0065,FLPK-ST-002,Nemertea,Nemertea,,1,1,0,,95% EtOH
FLPK-0066,FLPK-ST-002,Annelida,Polychaeta,,1,1,0,,95% EtOH
FLPK-0067,FLPK-ST-002,Echinodermata,Echinodermata,,1,1,0,,95% EtOH
FLPK-0068,FLPK-ST-002,Nemertea,Nemertea,FLPK-0065,1,0,0,,95% EtOH
FLPK-0069,FLPK-ST-002,Nemertea,Nemertea,FLPK-0065,1,1,0,,95% EtOH
FLPK-0070,FLPK-ST-002,Nemertea,Nemertea,,1,1,0,,95% EtOH
FLPK-0071,FLPK-ST-002,Annelida,Polychaeta,,1,1,0,,95% EtOH
FLPK-0072,FLPK-ST-002,Ectoprocta,Bryozoa,,1,1,0,,95% EtOH
FLPK-0073,FLPK-ST-002,Nemertea,Nemertea,,1,1,0,,95% EtOH
FLPK-0074,FLPK-ST-002,Echinodermata,Crinoidea?,,1,1,0,,95% EtOH
FLPK-0075,FLPK-ST-002,Annelida,Polychaeta,,1,1,0,,95% EtOH
FLPK-0076,FLPK-ST-002,Echinodermata,Ophiuroidea,,1,1,0,couldn't find the larva when I tried to transfer it during extraction,95% EtOH
FLPK-0077,FLPK-ST-002,Annelida,Polychaeta,,1,1,0,,95% EtOH
FLPK-0078,FLPK-ST-002,Cnidaria,Hydrozoa,,1,1,0,,95% EtOH
FLPK-0079,FLPK-ST-002,Annelida,Polychaeta,,1,1,0,,95% EtOH
FLPK-0080,FLPK-ST-002,Echinodermata,Asteroidea,,1,1,0,,95% EtOH
FLPK-0081,FLPK-ST-002,Annelida,Owenia,,1,1,0,,95% EtOH
FLPK-0082,FLPK-ST-002,Echinodermata,Asteroidea,,1,1,0,,95% EtOH
FLPK-0083,FLPK-ST-002,Nemertea,Nemertea,,1,1,0,,95% EtOH
FLPK-0084,FLPK-ST-002,Annelida,Polychaeta,,1,1,0,,95% EtOH
FLPK-0085,FLPK-ST-004,Arthropoda,Arthropoda,,1,0,0,,95% EtOH
FLPK-0086,FLPK-ST-004,Arthropoda,Copepoda,,1,0,0,,95% EtOH
FLPK-0087,FLPK-ST-004,Arthropoda,Arthropoda,,1,0,0,,95% EtOH
FLPK-0088,FLPK-ST-004,Arthropoda,Nauplius,,1,0,0,,95% EtOH
FLPK-0089,FLPK-ST-004,Arthropoda,Nauplius,,1,0,0,small,95% EtOH
FLPK-0090,FLPK-ST-004,Annelida,Polychaeta,,1,0,0,,95% EtOH
FLPK-0091,FLPK-ST-004,Annelida,Polychaeta,,1,0,0,,95% EtOH
FLPK-0092,FLPK-ST-004,Annelida,Polychaeta,,1,0,0,,95% EtOH
FLPK-0093,FLPK-ST-004,Annelida,Polychaeta,,1,0,0,,95% EtOH
FLPK-0094,FLPK-ST-004,Annelida,Polychaeta,,1,0,0,,95% EtOH
FLPK-0095,FLPK-ST-004,Chordata,Fish,,1,0,0,,95% EtOH
FLPK-0096,FLPK-ST-004,Platyhelminthes,Polycladida,,1,0,0,,95% EtOH
FLPK-0097,FLPK-ST-004,Annelida,Polychaeta,,1,0,0,,95% EtOH
FLPK-0098,FLPK-ST-004,Annelida,Polychaeta,,1,0,0,,95% EtOH
FLPK-0099,FLPK-ST-004,Chordata,Tunicata?,,1,0,0,,95% EtOH
FLPK-0100,FLPK-ST-004,Annelida,Polychaeta,,1,0,0,,95% EtOH
FLPK-0101,FLPK-ST-004,Cnidaria,Hydromedusa,,1,1,0,,95% EtOH
FLPK-0102,FLPK-ST-004,Annelida,Polychaeta,,1,1,0,,95% EtOH
FLPK-0103,FLPK-ST-004,Mollusca,Gastropoda,,1,1,0,,95% EtOH
FLPK-0104,FLPK-ST-004,Echinodermata,Echinodermata,,1,1,0,,95% EtOH
FLPK-0105,FLPK-ST-004,Arthropoda,Arthropoda,,1,1,0,,95% EtOH
FLPK-0106,FLPK-ST-004,Mollusca,Gastropoda,,1,1,0,,95% EtOH
FLPK-0107,FLPK-ST-004,Annelida,Polychaeta,,1,1,0,no distinctive features but swam like trochophore,95% EtOH
FLPK-0108,FLPK-ST-004,Annelida,Polychaeta,,1,1,0,,95% EtOH
FLPK-0109,FLPK-ST-004,Mollusca,Bivalvia,,1,1,0,,95% EtOH
FLPK-0110,FLPK-ST-004,Mollusca,Gastropoda,,1,1,0,,95% EtOH
FLPK-0111,FLPK-ST-004,Mollusca,Bivalvia,,1,1,0,,95% EtOH
FLPK-0112,FLPK-ST-004,Cnidaria,Cnidaria?,,1,1,0,,95% EtOH
FLPK-0113,FLPK-ST-004,Ectoprocta,Bryozoa,,1,1,0,,95% EtOH
FLPK-0114,FLPK-ST-004,Mollusca,Mollusca,,1,1,0,,95% EtOH
FLPK-0115,FLPK-ST-004,Annelida,Polychaeta,,1,1,0,"bad photo, worm contracted",95% EtOH
FLPK-0116,FLPK-ST-004,Arthropoda,Copepoda,,1,1,0,,95% EtOH
FLPK-0117,FLPK-ST-004,Cnidaria,Hydromedusa,,1,1,0,,95% EtOH
FLPK-0118,FLPK-ST-004,Annelida,Polychaeta,FLPK-0107,1,1,0,,95% EtOH
FLPK-0119,FLPK-ST-004,Chordata,Fish?,,1,1,0,,95% EtOH
FLPK-0120,FLPK-ST-004,Annelida,Polychaeta,,1,1,0,,95% EtOH
FLPK-0121,FLPK-ST-004,Cnidaria,Hydromedusa,,1,1,0,,95% EtOH
FLPK-0122,FLPK-ST-004,Acoelomorpha,Acoela,,1,1,0,"brown, flexible, acoel?",95% EtOH
FLPK-0123,FLPK-ST-004,Annelida,Polychaeta,,1,1,0,,95% EtOH
FLPK-0124,FLPK-ST-004,Porifera,Porifera,,1,1,0,,95% EtOH
FLPK-0125,FLPK-ST-004,Arthropoda,Carida,,1,1,0,,95% EtOH
FLPK-0126,FLPK-ST-005,Mollusca,Bivalvia,,1,1,0,,95% EtOH
FLPK-0127,FLPK-ST-005,Ectoprocta,Ectoprocta,,1,1,0,,95% EtOH
FLPK-0128,FLPK-ST-005,Ectoprocta,Ectoprocta,,1,1,0,,95% EtOH
FLPK-0129,FLPK-ST-005,Ectoprocta,Ectoprocta,,1,0,0,,95% EtOH
FLPK-0130,FLPK-ST-005,Annelida,Polychaeta,,1,1,0,,95% EtOH
FLPK-0131,FLPK-ST-005,Echinodermata,Echinodermata,,1,1,0,,95% EtOH
FLPK-0132,FLPK-ST-005,Annelida,Polychaeta,,1,1,0,,95% EtOH
FLPK-0133,FLPK-ST-005,Mollusca,Bivalvia,,1,1,0,,95% EtOH
FLPK-0134,FLPK-ST-005,Annelida,Polychaeta,,1,1,0,,95% EtOH
FLPK-0135,FLPK-ST-005,Echinodermata,Echinoidea,,1,1,0,,95% EtOH
FLPK-0136,FLPK-ST-005,Mollusca,Gastropoda,,1,1,0,,95% EtOH
FLPK-0137,FLPK-ST-005,Annelida,Polychaeta/Polynoid?,,1,1,0,,95% EtOH
FLPK-0138,FLPK-ST-005,Annelida,Polychaeta,,1,1,0,,95% EtOH
FLPK-0139,FLPK-ST-005,Ectoprocta,Bryozoa,,1,0,0,,95% EtOH
FLPK-0140,FLPK-ST-005,Annelida,Polychaeta,,1,1,0,,95% EtOH
FLPK-0141,FLPK-ST-005,Annelida,Polychaeta,,1,1,0,,95% EtOH
FLPK-0142,FLPK-ST-005,Mollusca,Gastropoda,,1,1,0,,95% EtOH
FLPK-0143,FLPK-ST-005,Ectoprocta,Bryozoa,,1,1,0,,95% EtOH
FLPK-0144,FLPK-ST-005,Ectoprocta,Bryozoa,,1,0,0,,95% EtOH
FLPK-0145,FLPK-ST-006,Echinodermata,Ophiuroidea,,1,1,0,,95% EtOH
FLPK-0146,FLPK-ST-006,Annelida,Polychaeta,,1,1,0,,95% EtOH
FLPK-0147,FLPK-ST-006,Chordata,Appendicularia,,1,1,0,,95% EtOH
FLPK-0148,FLPK-ST-006,Echinodermata,Echinoidea,,1,1,0,,95% EtOH
FLPK-0149,FLPK-ST-006,Annelida,Owenia,,1,1,0,,95% EtOH
FLPK-0150,FLPK-ST-006,Echinodermata,Echinoidea,,1,1,0,,95% EtOH
FLPK-0151,FLPK-ST-006,Arthropoda,Carida,,1,1,0,,95% EtOH
FLPK-0152,FLPK-ST-007,Annelida,Polychaeta,,1,1,0,,95% EtOH
FLPK-0153,FLPK-ST-007,Cnidaria,Hydromedusa,,1,1,0,,95% EtOH
FLPK-0154,FLPK-ST-007,Mollusca,Bivalvia,,1,1,0,,95% EtOH
FLPK-0155,FLPK-ST-007,Mollusca,Gastropoda,,1,1,0,Broken shell,95% EtOH
FLPK-0156,FLPK-ST-007,Arthropoda,Brachyura,,1,1,0,,95% EtOH
FLPK-0157,FLPK-ST-007,Echinodermata,Asteroidea,,1,1,0,,95% EtOH
FLPK-0158,FLPK-ST-007,Nemertea,Nemertea,,1,1,0,,95% EtOH
FLPK-0159,FLPK-ST-007,Nemertea,Nemertea,,1,1,0,"Really fast swimmer, looks like planula (apical tuft, maybe Nemertean)",95% EtOH
FLPK-0160,FLPK-ST-007,Annelida,Polychaeta,,1,1,0,"Small, bad picture, crushed on slide, could be ostracod",95% EtOH
FLPK-0161,FLPK-ST-007,Annelida,Polychaeta,,1,1,0,Common species with black bands?,95% EtOH
FLPK-0162,FLPK-ST-007,Annelida,Polychaeta,,1,1,0,Early trochophore,95% EtOH
FLPK-0163,FLPK-ST-007,Echinodermata,Echinoidea,,1,1,0,,95% EtOH
FLPK-0164,FLPK-ST-007,Mollusca,Gastropoda,,1,1,0,,95% EtOH
FLPK-0165,FLPK-ST-007,Ctenophora,Ctenophora,,1,1,0,,95% EtOH
FLPK-0166,FLPK-ST-007,Chordata,Fish,,1,1,0,,95% EtOH
FLPK-0167,FLPK-ST-007,Ectoprocta,Bulgula neritina,,1,1,0,,95% EtOH
FLPK-0168,FLPK-ST-007,Echinodermata,Asteroidea,,1,1,0,,95% EtOH
FLPK-0169,FLPK-ST-007,Cnidaria,Hydromedusa,,1,1,0,,95% EtOH
FLPK-0170,FLPK-ST-007,Cnidaria,Planula?,FLPK-0159,1,1,0,,95% EtOH
FLPK-0171,FLPK-ST-007,Annelida,Polychaeta,,1,1,0,,95% EtOH
FLPK-0172,FLPK-ST-008,Annelida,Polychaeta,,1,1,0,,95% EtOH
FLPK-0173,FLPK-ST-008,Arthropoda,Carida,,1,1,0,,95% EtOH
FLPK-0174,FLPK-ST-008,Ctenophora,Ctenophora,,1,0,0,,95% EtOH
FLPK-0175,FLPK-ST-007,Ctenophora,Ctenophora,,1,1,0,,95% EtOH
FLPK-0176,FLPK-ST-008,Ctenophora,Ctenophora,,1,1,0,,95% EtOH
FLPK-0177,FLPK-ST-009,Annelida,Polychaeta,,1,1,0,,95% EtOH
FLPK-0178,FLPK-ST-009,Annelida,Polychaeta,,1,1,0,,95% EtOH
FLPK-0179,FLPK-ST-009,Nemertea,Nemertea,,1,1,0,,95% EtOH
FLPK-0180,FLPK-ST-009,Arthropoda,Thoracica,,1,1,0,,95% EtOH
FLPK-0181,FLPK-ST-009,Annelida,Polychaeta,,1,1,0,,95% EtOH
FLPK-0182,FLPK-ST-009,Annelida,Amphinomidae?,,1,1,0,,95% EtOH
FLPK-0183,FLPK-ST-009,Annelida,Polychaeta,,1,1,0,,95% EtOH
FLPK-0184,FLPK-ST-009,Arthropoda,Mysidae,,1,1,0,,95% EtOH
FLPK-0185,FLPK-ST-009,Annelida,Polynoidae?,,1,1,0,,95% EtOH
FLPK-0186,FLPK-ST-009,Annelida,Polychaeta,,1,1,0,,95% EtOH
FLPK-0187,FLPK-ST-013,Annelida,Polychaeta,,1,1,0,,95% EtOH
FLPK-0188,FLPK-ST-013,Ectoprocta,Ectoprocta,,1,1,0,,95% EtOH
FLPK-0189,FLPK-ST-013,Mollusca,Gastropoda,,1,1,0,,95% EtOH
FLPK-0190,FLPK-ST-013,Annelida,Polychaeta,,1,1,0,,95% EtOH
FLPK-0191,FLPK-ST-013,Ectoprocta,Ectoprocta,,1,1,0,,95% EtOH
FLPK-0192,FLPK-ST-013,Annelida,Polychaeta,,1,1,0,,95% EtOH
FLPK-0193,FLPK-ST-013,Cnidaria,Cnidaria,,1,1,0,,95% EtOH
FLPK-0194,FLPK-ST-013,Mollusca,Bivalvia,,1,1,0,,95% EtOH
FLPK-0195,FLPK-ST-013,Mollusca,Bivalvia,,1,1,0,,95% EtOH
FLPK-0196,FLPK-ST-013,Mollusca,Gastropoda,,1,1,0,,95% EtOH
FLPK-0197,FLPK-ST-013,Nemertea,Nemertea,,1,1,0,,95% EtOH
FLPK-0198,FLPK-ST-013,Mollusca,Gastropoda,,1,1,0,,95% EtOH
FLPK-0199,FLPK-ST-013,Annelida,Polychaeta,,1,1,0,,95% EtOH
FLPK-0200,FLPK-ST-013,Annelida,Polychaeta,,1,1,0,,95% EtOH
FLPK-0201,FLPK-ST-014,Annelida,Owenia,,1,1,0,,95% EtOH
FLPK-0202,FLPK-ST-014,Mollusca,Gastropoda,,1,1,0,,95% EtOH
FLPK-0203,FLPK-ST-014,Annelida,Polychaeta,,1,1,0,,95% EtOH
FLPK-0204,FLPK-ST-014,Annelida,Polychaeta,,1,1,0,,95% EtOH
FLPK-0205,FLPK-ST-014,Annelida,Polychaeta,,1,1,0,,95% EtOH
FLPK-0206,FLPK-ST-014,Echinodermata,Asteroidea,,1,1,0,,95% EtOH
FLPK-0207,FLPK-ST-014,Annelida,Polychaeta,,1,1,0,,95% EtOH
FLPK-0208,FLPK-ST-014,Mollusca,Bivalvia,,1,1,0,,95% EtOH
FLPK-0209,FLPK-ST-014,Annelida,Polychaeta,,1,1,0,,95% EtOH
FLPK-0210,FLPK-ST-014,Mollusca,Gastropoda,,1,1,0,,95% EtOH
FLPK-0211,FLPK-ST-014,Annelida,Polychaeta,,1,1,0,,95% EtOH
FLPK-0212,FLPK-ST-014,Annelida,Polychaeta,,1,1,0,,95% EtOH
FLPK-0213,FLPK-ST-014,Echinodermata,Ophiuroidea,,1,1,0,Egg,95% EtOH
FLPK-0214,FLPK-ST-014,Metazoa,Metazoa,,1,1,0,,95% EtOH
FLPK-0215,FLPK-ST-014,Phoronida,Phoronida,,1,1,0,,95% EtOH
FLPK-0216,FLPK-ST-014,Echinodermata,Echinodermata,,1,1,0,,95% EtOH
FLPK-0217,FLPK-ST-014,Arthropoda,Decapoda,,1,1,0,,95% EtOH
FLPK-0218,FLPK-ST-015,Cnidaria,Hydromedusa,,1,1,0,,95% EtOH
FLPK-0219,FLPK-ST-015,Mollusca,Gastropoda,,1,1,0,,95% EtOH
FLPK-0220,FLPK-ST-015,Annelida,Polychaeta,,1,1,0,,95% EtOH
FLPK-0221,FLPK-ST-015,Ectoprocta,Ectoprocta,,1,1,0,,95% EtOH
FLPK-0222,FLPK-ST-015,Annelida,Amphinomidae?,,1,1,0,,95% EtOH
FLPK-0223,FLPK-ST-015,Cnidaria,Hydromedusa,,1,1,0,,95% EtOH
FLPK-0224,FLPK-ST-015,Nemertea,Nemertea,,1,1,0,,95% EtOH
FLPK-0225,FLPK-ST-015,Annelida,Polynoidae?,,1,1,0,,95% EtOH
FLPK-0226,FLPK-ST-015,Arthropoda,Brachyura,,1,1,0,,95% EtOH
FLPK-0227,FLPK-ST-015,Ectoprocta,Ectoprocta,,1,1,0,,95% EtOH
FLPK-0228,FLPK-ST-015,Nemertea,Cephalothrix,,1,1,0,,95% EtOH
FLPK-0229,FLPK-ST-015,Platyhelminthes,Platyhelminthes,,1,1,0,,95% EtOH
FLPK-0230,FLPK-ST-015,Annelida,Polychaeta,,1,1,0,,95% EtOH
FLPK-0231,FLPK-ST-015,Mollusca,Gastropoda,,1,1,0,,95% EtOH
FLPK-0232,FLPK-ST-019,Chaetognatha,Chaetognatha,,1,1,0,,95% EtOH
FLPK-0233,FLPK-ST-019,Nemertea,Nemertea,,1,1,0,,95% EtOH
FLPK-0234,FLPK-ST-019,Mollusca,Gastropoda,,1,1,0,,95% EtOH
FLPK-0235,FLPK-ST-019,Arthropoda,Brachyura,,1,1,0,,95% EtOH
FLPK-0236,FLPK-ST-019,Mollusca,Gastropoda,,1,1,0,,95% EtOH
FLPK-0237,FLPK-ST-019,Chordata,Fish,,1,1,0,,95% EtOH
FLPK-0238,FLPK-ST-019,Mollusca,Bivalvia,,1,1,0,,95% EtOH
FLPK-0239,FLPK-ST-019,Mollusca,Gastropoda,,1,1,0,,95% EtOH
FLPK-0240,FLPK-ST-019,Mollusca,Bivalvia,,1,1,0,,95% EtOH
FLPK-0241,FLPK-ST-019,Annelida,Polychaeta,,1,1,0,,95% EtOH
FLPK-0242,FLPK-ST-019,Platyhelminthes,Platyhelminthes,,1,1,0,,95% EtOH
FLPK-0243,FLPK-ST-019,Mollusca,Bivalvia,,1,1,0,,95% EtOH
FLPK-0244,FLPK-ST-019,Arthropoda,Carida,,1,1,0,,95% EtOH
FLPK-0245,FLPK-ST-019,Annelida,Polychaeta,,1,1,0,,95% EtOH
FLPK-0246,FLPK-ST-019,Arthropoda,Carida,,1,1,0,,95% EtOH
FLPK-0247,FLPK-ST-019,Annelida,Polychaeta,,1,1,0,,95% EtOH
FLPK-0248,FLPK-ST-019,Cnidaria,Anthozoa,,1,1,0,"[planula died?] original note, but apparently not Cnidaria because apical tuft",95% EtOH
FLPK-0249,FLPK-ST-019,Annelida,Polychaeta,,1,1,0,,95% EtOH
FLPK-0250,FLPK-ST-019,Chordata,Fish,,1,1,0,,95% EtOH
FLPK-0251,FLPK-ST-019,Nemertea,Nemertea,,1,1,0,,95% EtOH
FLPK-0252,FLPK-ST-019,Cnidaria,Anthozoa,FLPK-0248,1,1,0,has apical tuft,95% EtOH
FLPK-0253,FLPK-ST-020,Arthropoda,Isopoda,,1,1,0,,95% EtOH
FLPK-0254,FLPK-ST-020,Arthropoda,Brachyura,,1,1,0,,95% EtOH
FLPK-0255,FLPK-ST-020,Echinodermata,Asteroidea,,1,1,0,,95% EtOH
FLPK-0256,FLPK-ST-020,Platyhelminthes,Platyhelminthes,,1,1,0,,95% EtOH
FLPK-0257,FLPK-ST-020,Annelida,Polychaeta,,1,1,0,,95% EtOH
FLPK-0258,FLPK-ST-020,Arthropoda,Carida,,1,1,0,specimen damaged while putting on slide,95% EtOH
FLPK-0259,FLPK-ST-020,Echinodermata,Asteroidea,FLPK-0255,1,1,0,small red spots on the edges,95% EtOH
FLPK-0260,FLPK-ST-020,Nemertea,Nemertea,,1,1,0,,95% EtOH
FLPK-0261,FLPK-ST-020,Echinodermata,Echinoidea,,1,1,0,,95% EtOH
FLPK-0262,FLPK-ST-020,Echinodermata,Asteroidea,,1,1,0,,95% EtOH
FLPK-0263,FLPK-ST-020,Nemertea,Nemertea,FLPK-0260?,1,1,0,,95% EtOH
FLPK-0264,FLPK-ST-024,Nemertea,Nemertea,,1,1,0,,95% EtOH
FLPK-0265,FLPK-ST-024,Platyhelminthes,Platyhelminthes,,1,1,0,,95% EtOH
FLPK-0266,FLPK-ST-024,Arthropoda,Thoracica,,1,1,0,,95% EtOH
FLPK-0267,FLPK-ST-023,Cnidaria,Athecata,,1,1,0,,95% EtOH
FLPK-0268,FLPK-ST-023,Echinodermata,Ophiuroidea,,1,1,0,,95% EtOH
FLPK-0269,FLPK-ST-023,Platyhelminthes,Platyhelminthes,,1,1,0,,95% EtOH
FLPK-0270,FLPK-ST-023,Annelida,Polychaeta,,1,1,0,,95% EtOH
FLPK-0271,FLPK-ST-023,Platyhelminthes,Polycladida,,1,1,0,,95% EtOH
FLPK-0272,FLPK-ST-020,Arthropoda,Brachyura,,1,1,0,dead/partial exoskeleton,95% EtOH
FLPK-0273,FLPK-ST-020,Annelida,Polychaeta,,1,1,0,,95% EtOH
FLPK-0274,FLPK-ST-020,Arthropoda,Copepoda,,1,1,0,,95% EtOH
FLPK-0275,FLPK-ST-020,Annelida,Polychaeta,,1,1,0,,95% EtOH
FLPK-0276,FLPK-ST-020,Annelida,Polychaeta,,1,1,0,,95% EtOH
FLPK-0277,FLPK-ST-020,Arthropoda,Ostracoda,,1,1,0,,95% EtOH
FLPK-0278,FLPK-ST-020,Annelida,Polychaeta,,1,1,0,,95% EtOH
FLPK-0279,FLPK-ST-020,Arthropoda,Carida,,1,1,0,,95% EtOH
FLPK-0280,FLPK-ST-020,Arthropoda,Brachyura,,1,1,0,,95% EtOH
FLPK-0281,FLPK-ST-026,Platyhelminthes,Polycladida,,1,1,0,photosynthetic?,95% EtOH
FLPK-0282,FLPK-ST-026,Chordata,Appendicularia,,1,1,0,,95% EtOH
FLPK-0283,FLPK-ST-026,Echinodermata,Ophiuroidea,,1,1,0,,95% EtOH
FLPK-0284,FLPK-ST-026,Chordata,Appendicularia,,1,1,0,,95% EtOH
FLPK-0285,FLPK-ST-026,Annelida,Polychaeta,,1,1,0,,95% EtOH
FLPK-0286,FLPK-ST-026,Arthropoda,Copepoda,,1,1,0,,95% EtOH
FLPK-0287,FLPK-ST-026,Cnidaria,Cnidaria,,1,1,0,,95% EtOH
FLPK-0288,FLPK-ST-026,Mollusca,Bivalvia,,1,1,0,,95% EtOH
FLPK-0289,FLPK-ST-026,Mollusca,Gastropoda,,1,1,0,,95% EtOH
FLPK-0290,FLPK-ST-026,Annelida,Polychaeta,,1,1,0,,95% EtOH
FLPK-0291,FLPK-ST-026,Annelida,Polychaeta,FLPK-0290,1,1,0,later stage than FLPK-0290,95% EtOH
FLPK-0292,FLPK-ST-026,Porifera,Porifera,,1,1,0,,95% EtOH
FLPK-0293,FLPK-ST-026,Echinodermata,Apodida,,1,1,0,,95% EtOH
FLPK-0294,FLPK-ST-026,Echinodermata,Echinoidea,,1,1,0,,95% EtOH
FLPK-0295,FLPK-ST-026,Cnidaria,Cnidaria,,1,1,0,was eating a chaetognath,95% EtOH
FLPK-0296,FLPK-ST-036,Phoronida,Phoronida,,1,1,0,,95% EtOH
FLPK-0297,FLPK-ST-036,Annelida,Polychaeta?,,1,1,0,,95% EtOH
FLPK-0298,FLPK-ST-036,Annelida,Polychaeta?,,1,1,0,Early trochophore,95% EtOH
FLPK-0299,FLPK-ST-036,Ectoprocta,Ectoprocta,,1,1,0,,95% EtOH
FLPK-0300,FLPK-ST-036,Echinodermata,Asteroidea,,1,1,0,,95% EtOH
FLPK-0301,FLPK-ST-031,Annelida,Polychaeta,,0,1,1,,HCHO
FLPK-0302,FLPK-ST-031,Annelida,Phyllodocidae,,0,1,1,,HCHO
FLPK-0303,FLPK-ST-031,Mollusca,Bivalvia,,0,1,1,,HCHO
FLPK-0304,FLPK-ST-031,Annelida,Scyllidae?,,0,1,1,,HCHO
FLPK-0305,FLPK-ST-031,Annelida,Sipuncula,,0,1,1,,95% EtOH
FLPK-0306,FLPK-ST-031,Annelida,Sabellidae,,0,1,1,,HCHO
FLPK-0307,FLPK-ST-031,Annelida,Phyllodocidae,,0,1,1,,HCHO
FLPK-0308,FLPK-ST-031,Annelida,Terebellidae,,0,1,1,,HCHO
FLPK-0309,FLPK-ST-031,Annelida,Nereidae,,0,1,1,,HCHO
FLPK-0310,FLPK-ST-031,Annelida,Terebellidae,,0,1,1,,HCHO
FLPK-0311,FLPK-ST-031,Platyhelminthes,Polycladida,,0,1,0,,HCHO
FLPK-0312,FLPK-ST-031,Annelida,Nereidae,,0,1,1,,HCHO
FLPK-0313,FLPK-ST-031,Annelida,Spionidae,,0,1,1,,HCHO
FLPK-0314,FLPK-ST-031,Annelida,Sabellidae,,0,1,1,,HCHO
FLPK-0315,FLPK-ST-031,Annelida,Nereidae,,0,1,1,,HCHO
FLPK-0316,FLPK-ST-031,Chordata,Tunicata,,0,1,1,,95% EtOH
FLPK-0317,FLPK-ST-031,Mollusca,Gastropoda,,0,0,1,,95% EtOH
FLPK-0318,FLPK-ST-036,Echinodermata,Echinoidea,,1,1,0,,95% EtOH
FLPK-0319,FLPK-ST-036,Nemertea,Nemertea,,1,1,0,,95% EtOH
FLPK-0320,FLPK-ST-036,Echinodermata,Echinoidea,,1,1,0,,95% EtOH
FLPK-0321,FLPK-ST-036,Annelida,Polychaeta,,1,1,0,,95% EtOH
FLPK-0322,FLPK-ST-036,Cnidaria,Cnidaria,,1,1,0,,95% EtOH
FLPK-0323,FLPK-ST-036,Phoronida,Phoronida,,1,1,0,,95% EtOH
FLPK-0324,FLPK-ST-036,Annelida,Polychaeta,,1,1,0,,95% EtOH
FLPK-0325,FLPK-ST-037,Annelida,Owenia,,1,1,0,,95% EtOH
FLPK-0326,FLPK-ST-037,Cnidaria,Cnidaria,,1,1,0,,95% EtOH
FLPK-0327,FLPK-ST-037,Mollusca,Bivalvia,,1,1,0,,95% EtOH
FLPK-0328,FLPK-ST-037,Annelida,Polychaeta,,1,1,0,,95% EtOH
FLPK-0329,FLPK-ST-037,Annelida,Polychaeta,,1,1,0,,95% EtOH
FLPK-0330,FLPK-ST-037,Arthropoda,Brachyura,,1,1,0,,95% EtOH
FLPK-0331,FLPK-ST-037,Arthropoda,Balanus,,1,1,0,,95% EtOH
FLPK-0332,FLPK-ST-037,Annelida,Polychaeta,,1,1,0,,95% EtOH
FLPK-0333,FLPK-ST-037,Mollusca,Gastropoda,,1,1,0,,95% EtOH
FLPK-0334,FLPK-ST-037,Annelida,Polychaeta,,1,1,0,,95% EtOH
FLPK-0335,FLPK-ST-037,Annelida,Polychaeta,,1,1,0,,95% EtOH
FLPK-0336,FLPK-ST-037,Ectoprocta,Ectoprocta,,1,1,0,,95% EtOH
FLPK-0337,FLPK-ST-038,Annelida,Hirunda,,0,1,0,,95% EtOH
FLPK-0338,FLPK-ST-038,Annelida,Hirunda,,0,1,1,,HCHO
FLPK-0339,FLPK-ST-037,Mollusca,Gastropoda,,1,1,0,,95% EtOH
FLPK-0340,FLPK-ST-037,Nemertea,Nemertea,,1,1,0,,95% EtOH
FLPK-0341,FLPK-ST-037,Metazoa,Metazoa,,1,1,0,,95% EtOH
FLPK-0342,FLPK-ST-037,Arthropoda,Amphipoda,,1,1,0,,95% EtOH
FLPK-0343,FLPK-ST-037,Arthropoda,Ostracoda,,1,1,0,,95% EtOH
FLPK-0344,FLPK-ST-037,Platyhelminthes,Platyhelminthes,,1,1,0,,95% EtOH
FLPK-0345,FLPK-ST-037,Mollusca,Gastropoda,,1,1,0,,95% EtOH
FLPK-0346,FLPK-ST-037,Mollusca,Gastropoda,,1,1,0,,95% EtOH
FLPK-0347,FLPK-ST-037,Cnidaria,Cnidaria,,1,1,0,,95% EtOH
FLPK-0348,FLPK-ST-038,Annelida,Hirunda,,0,0,1,,95% EtOH
FLPK-0349,FLPK-ST-039,Nemertea,Nemertea,,1,1,0,,95% EtOH
FLPK-0350,FLPK-ST-039,Annelida,Polychaeta,,1,1,0,,95% EtOH
FLPK-0351,FLPK-ST-039,Annelida,Sipuncula?,,1,1,0,,95% EtOH
FLPK-0352,FLPK-ST-039,Echinodermata,Asteroidea,,1,1,0,,95% EtOH
FLPK-0353,FLPK-ST-039,Nemertea,Nemertea,,1,1,0,,95% EtOH
FLPK-0354,FLPK-ST-039,Annelida,Polychaeta,,1,1,0,,95% EtOH
FLPK-0355,FLPK-ST-039,Mollusca,Bivalvia,,1,1,0,,95% EtOH
FLPK-0356,FLPK-ST-039,Echinodermata,Asteroidea,,1,1,0,,95% EtOH
FLPK-0357,FLPK-ST-039,Cnidaria,Cnidaria,,1,1,0,,95% EtOH
FLPK-0358,FLPK-ST-039,Annelida,Polychaeta,,1,1,0,,95% EtOH
FLPK-0359,FLPK-ST-039,Nemertea,Nemertea,,1,1,0,,95% EtOH
FLPK-0360,FLPK-ST-039,Nemertea,Nemertea,,1,1,0,,95% EtOH
FLPK-0361,FLPK-ST-039,Sipuncula,Sipuncula,,1,1,0,,95% EtOH
FLPK-0362,FLPK-ST-039,Echinodermata,Echinoidea,,1,1,0,,95% EtOH
FLPK-0363,FLPK-ST-039,Nemertea,Nemertea,,1,1,0,,95% EtOH
FLPK-0364,FLPK-ST-039,Annelida,Polychaeta,,1,1,0,,95% EtOH
FLPK-0365,FLPK-ST-039,Mollusca,Nudibranchia,,0,1,0,,95% EtOH
FLPK-0366,FLPK-ST-039,Ctenophora,Ctenophora,,1,1,0,,95% EtOH
FLPK-0367,FLPK-ST-039,Nemertea,Nemertea,,1,1,0,,95% EtOH
FLPK-0368,FLPK-ST-039,Nemertea,Nemertea,,1,1,0,,95% EtOH
FLPK-0369,FLPK-ST-039,Nemertea,Nemertea,,1,1,0,,95% EtOH
FLPK-0370,FLPK-ST-039,Annelida,Polychaeta,,1,1,0,,95% EtOH
FLPK-0371,FLPK-ST-043,Platyhelminthes,Platyhelminthes,,0,0,0,,95% EtOH
FLPK-0372,FLPK-ST-048,Ectoprocta,Ectoprocta,,1,1,0,,95% EtOH
FLPK-0373,FLPK-ST-048,Echinodermata,Asteroidea,,1,1,0,,95% EtOH
FLPK-0374,FLPK-ST-048,Annelida,Polychaeta,,1,1,0,,95% EtOH
FLPK-0375,FLPK-ST-048,Echinodermata,Echinoidea,,1,1,0,,95% EtOH
FLPK-0376,FLPK-ST-048,Annelida,Polychaeta,,1,1,0,,95% EtOH
FLPK-0377,FLPK-ST-048,Echinodermata,Asteroidea,,1,1,0,,95% EtOH
FLPK-0378,FLPK-ST-048,Annelida,Polychaeta,,1,1,0,,95% EtOH
FLPK-0379,FLPK-ST-048,Cnidaria,Hydromedusa,,1,1,0,,95% EtOH
FLPK-0380,FLPK-ST-048,Cnidaria,Hydromedusa,,1,1,0,,95% EtOH
FLPK-0381,FLPK-ST-048,Porifera,Porifera,,1,1,0,,95% EtOH
FLPK-0382,FLPK-ST-048,Arthropoda,Ostracoda,,1,1,0,,95% EtOH
FLPK-0383,FLPK-ST-048,Arthropoda,Brachyura,,1,1,0,,95% EtOH
FLPK-0384,FLPK-ST-048,Mollusca,Gastropoda,,1,1,0,,95% EtOH
FLPK-0385,FLPK-ST-048,Mollusca,Gastropoda,,1,1,0,,95% EtOH
FLPK-0386,FLPK-ST-048,Annelida,Polychaeta,,1,1,0,,95% EtOH
FLPK-0387,FLPK-ST-048,Cnidaria,Hydromedusa,,1,1,0,,95% EtOH
FLPK-0388,FLPK-ST-048,Cnidaria,Hydromedusa,,1,1,0,,95% EtOH
FLPK-0389,FLPK-ST-048,Mollusca,Gastropoda,,1,1,0,,95% EtOH
FLPK-0390,FLPK-ST-048,Cnidaria,Hydromedusa,,1,1,0,,95% EtOH
FLPK-0391,FLPK-ST-048,Arthropoda,Isopoda,,1,1,0,,95% EtOH
FLPK-0392,FLPK-ST-048,Porifera,Porifera,,1,1,0,,95% EtOH
FLPK-0393,FLPK-ST-048,Cnidaria,Anthozoa,,1,1,0,,95% EtOH
FLPK-0394,FLPK-ST-048,Annelida,Polychaeta,,1,1,0,,95% EtOH
FLPK-0395,FLPK-ST-049,Platyhelminthes,Polycladida,,0,0,1,FL-AB-001,95% EtOH
FLPK-0396,FLPK-ST-049,Annelida,Polychaeta,,0,0,1,FL-AB-002,95% EtOH
FLPK-0401,FLPK-ST-052,Annelida,Polychaeta,,1,1,0,,95% EtOH
FLPK-0402,FLPK-ST-052,Nemertea,Nemertea,,1,1,0,,95% EtOH
FLPK-0403,FLPK-ST-052,Annelida,Polychaeta,,1,1,0,,95% EtOH
FLPK-0404,FLPK-ST-052,Nemertea,Nemertea,,1,1,0,,95% EtOH
FLPK-0405,FLPK-ST-052,Nematoda,Nematoda,,1,1,0,,95% EtOH
FLPK-0406,FLPK-ST-052,Arthropoda,Cumacea,,1,1,0,,95% EtOH
FLPK-0407,FLPK-ST-052,Arthropoda,Cirripida,,1,1,0,,95% EtOH
FLPK-0408,FLPK-ST-052,Annelida,Polychaeta,,1,1,0,,95% EtOH
FLPK-0409,FLPK-ST-052,Echinodermata,Asteroidea,,1,1,0,,95% EtOH
FLPK-0410,FLPK-ST-052,Cnidaria,Cnidaria,,1,1,0,,95% EtOH
FLPK-0411,FLPK-ST-056,Arthropoda,Carida,,1,1,0,,95% EtOH
FLPK-0412,FLPK-ST-056,Annelida,Polychaeta,,1,1,0,,95% EtOH
FLPK-0413,FLPK-ST-056,Annelida,Polychaeta,,1,1,0,,95% EtOH
FLPK-0414,FLPK-ST-056,Platyhelminthes,Platyhelminthes,,1,1,0,,95% EtOH
FLPK-0415,FLPK-ST-056,Arthropoda,Cumacea,,1,1,0,,95% EtOH
FLPK-0416,FLPK-ST-056,Arthropoda,Carida,FLPK-0411,1,1,0,,95% EtOH
FLPK-0417,FLPK-ST-056,Acoelomorpha,Acoelomorpha,,1,1,0,,95% EtOH
FLPK-0418,FLPK-ST-056,Arthropoda,Brachyura,,1,1,0,,95% EtOH
FLPK-0419,FLPK-ST-056,Annelida,Polychaeta,FLPK-0412?,1,1,0,,95% EtOH
FLPK-0420,FLPK-ST-056,Mollusca,Bivalvia,,1,1,0,,95% EtOH
FLPK-0421,FLPK-ST-056,Mollusca,Gastropoda,,1,1,0,,95% EtOH
FLPK-0422,FLPK-ST-056,Mollusca,Bivalvia,,1,1,0,,95% EtOH
FLPK-0423,FLPK-ST-062,Mollusca,Gastropoda,,1,1,0,,95% EtOH
FLPK-0424,FLPK-ST-062,Echinodermata,Echinodermata?,,1,1,0,egg,95% EtOH
FLPK-0425,FLPK-ST-062,Annelida,Polychaeta,,1,1,0,,95% EtOH
FLPK-0426,FLPK-ST-062,Ectoprocta,Ectoprocta,,1,1,0,,95% EtOH
FLPK-0427,FLPK-ST-062,Echinodermata,Asteroidea,,1,1,0,,95% EtOH
FLPK-0428,FLPK-ST-062,Mollusca,Gastropoda,,1,1,0,,95% EtOH
FLPK-0429,FLPK-ST-062,Annelida,Polychaeta,,1,1,0,,95% EtOH
FLPK-0430,FLPK-ST-062,Mollusca,Gastropoda,,1,1,0,,95% EtOH
FLPK-0431,FLPK-ST-062,Mollusca,Mollusca,,1,1,0,,95% EtOH
FLPK-0432,FLPK-ST-062,Annelida,Polychaeta,,1,1,0,,95% EtOH
FLPK-0433,FLPK-ST-062,Porifera,Porifera,,1,1,0,,95% EtOH
FLPK-0434,FLPK-ST-062,Arthropoda,Carida,,1,1,0,,95% EtOH
FLPK-0435,FLPK-ST-062,Annelida,Polychaeta,,1,1,0,,95% EtOH
FLPK-0436,FLPK-ST-062,Cnidaria,Cnidaria,,1,1,0,,95% EtOH
FLPK-0437,FLPK-ST-062,Mollusca,Gastropoda,,1,1,0,,95% EtOH
FLPK-0438,FLPK-ST-062,Cnidaria,Cnidaria,,1,1,0,,95% EtOH
FLPK-0439,FLPK-ST-062,Cnidaria,Cnidaria,,1,1,0,,95% EtOH
FLPK-0440,FLPK-ST-062,Arthropoda,Carida,,1,1,0,,95% EtOH
FLPK-0441,FLPK-ST-062,Ctenophora,Ctenophora,,1,1,0,,95% EtOH
FLPK-0442,FLPK-ST-062,Arthropoda,Porcellanidae,,1,1,0,,95% EtOH
FLPK-0443,FLPK-ST-063,Phoronida,Phoronida?,,1,1,0,,95% EtOH
FLPK-0444,FLPK-ST-063,Echinodermata,Asteroidea?,,1,1,0,,95% EtOH
FLPK-0445,FLPK-ST-063,Annelida,Polychaeta,,1,1,0,,95% EtOH
FLPK-0446,FLPK-ST-063,Annelida,Polychaeta,,1,1,0,,95% EtOH
FLPK-0447,FLPK-ST-063,Annelida,Polychaeta,,1,1,0,Early trochophore,95% EtOH
FLPK-0448,FLPK-ST-063,Nemertea,Nemertea,,1,1,0,,95% EtOH
FLPK-0449,FLPK-ST-068,Annelida,Polychaeta,,1,1,0,,95% EtOH
FLPK-0450,FLPK-ST-068,Ectoprocta,Ectoprocta,,1,1,0,,95% EtOH
FLPK-0451,FLPK-ST-068,Cnidaria,Cnidaria,,1,1,0,,95% EtOH
FLPK-0452,FLPK-ST-068,Metazoa,Metazoa,,1,1,0,,95% EtOH
